college_name,branch_name,year,round,category,exam_type,city,percentile,rank,score
Indian Institute of Technology Bombay,Computer Engineering,2024,1,OPEN,JEE_ADVANCED,Mumbai,99.5,,
Indian Institute of Technology Bombay,Computer Engineering,2025,1,OPEN,JEE_ADVANCED,Mumbai,99.6,,
Indian Institute of Technology Bombay,Information Technology,2024,1,OPEN,JEE_ADVANCED,Mumbai,99.1,,
Indian Institute of Technology Bombay,Information Technology,2025,1,OPEN,JEE_ADVANCED,Mumbai,99.3,,
Indian Institute of Technology Bombay,Mechanical Engineering,2024,1,OPEN,JEE_ADVANCED,Mumbai,97.8,,
Indian Institute of Technology Bombay,Mechanical Engineering,2025,1,OPEN,JEE_ADVANCED,Mumbai,98,,
Indian Institute of Technology Bombay,Civil Engineering,2024,1,OPEN,JEE_ADVANCED,Mumbai,96.5,,
Indian Institute of Technology Bombay,Civil Engineering,2025,1,OPEN,JEE_ADVANCED,Mumbai,96.8,,
Indian Institute of Technology Bombay,Electrical Engineering,2024,1,OPEN,JEE_ADVANCED,Mumbai,98.2,,
Indian Institute of Technology Bombay,Electrical Engineering,2025,1,OPEN,JEE_ADVANCED,Mumbai,98.5,,
Indian Institute of Technology Bombay,Electronics and Telecommunication Engineering,2024,1,OPEN,JEE_ADVANCED,Mumbai,98.8,,
Indian Institute of Technology Bombay,Electronics and Telecommunication Engineering,2025,1,OPEN,JEE_ADVANCED,Mumbai,99,,
Indian Institute of Technology Delhi,Computer Engineering,2024,1,OPEN,JEE_ADVANCED,New Delhi,99.4,,
Indian Institute of Technology Delhi,Computer Engineering,2025,1,OPEN,JEE_ADVANCED,New Delhi,99.5,,
Indian Institute of Technology Delhi,Information Technology,2024,1,OPEN,JEE_ADVANCED,New Delhi,99,,
Indian Institute of Technology Delhi,Information Technology,2025,1,OPEN,JEE_ADVANCED,New Delhi,99.2,,
Indian Institute of Technology Delhi,Mechanical Engineering,2024,1,OPEN,JEE_ADVANCED,New Delhi,97.5,,
Indian Institute of Technology Delhi,Mechanical Engineering,2025,1,OPEN,JEE_ADVANCED,New Delhi,97.7,,
Indian Institute of Technology Delhi,Electrical Engineering,2024,1,OPEN,JEE_ADVANCED,New Delhi,98,,
Indian Institute of Technology Delhi,Electrical Engineering,2025,1,OPEN,JEE_ADVANCED,New Delhi,98.3,,
Indian Institute of Technology Madras,Computer Engineering,2024,1,OPEN,JEE_ADVANCED,Chennai,99.2,,
Indian Institute of Technology Madras,Computer Engineering,2025,1,OPEN,JEE_ADVANCED,Chennai,99.4,,
Indian Institute of Technology Madras,Mechanical Engineering,2024,1,OPEN,JEE_ADVANCED,Chennai,97,,
Indian Institute of Technology Madras,Mechanical Engineering,2025,1,OPEN,JEE_ADVANCED,Chennai,97.3,,
Indian Institute of Technology Madras,Civil Engineering,2024,1,OPEN,JEE_ADVANCED,Chennai,95.5,,
Indian Institute of Technology Madras,Civil Engineering,2025,1,OPEN,JEE_ADVANCED,Chennai,95.8,,
National Institute of Technology Trichy,Computer Engineering,2024,1,OPEN,JEE_MAIN,Tiruchirappalli,97.5,,
National Institute of Technology Trichy,Computer Engineering,2025,1,OPEN,JEE_MAIN,Tiruchirappalli,97.8,,
National Institute of Technology Trichy,Information Technology,2024,1,OPEN,JEE_MAIN,Tiruchirappalli,97,,
National Institute of Technology Trichy,Information Technology,2025,1,OPEN,JEE_MAIN,Tiruchirappalli,97.2,,
National Institute of Technology Trichy,Mechanical Engineering,2024,1,OPEN,JEE_MAIN,Tiruchirappalli,94,,
National Institute of Technology Trichy,Mechanical Engineering,2025,1,OPEN,JEE_MAIN,Tiruchirappalli,94.5,,
National Institute of Technology Trichy,Electrical Engineering,2024,1,OPEN,JEE_MAIN,Tiruchirappalli,95.5,,
National Institute of Technology Trichy,Electrical Engineering,2025,1,OPEN,JEE_MAIN,Tiruchirappalli,95.8,,
National Institute of Technology Warangal,Computer Engineering,2024,1,OPEN,JEE_MAIN,Warangal,97,,
National Institute of Technology Warangal,Computer Engineering,2025,1,OPEN,JEE_MAIN,Warangal,97.3,,
National Institute of Technology Warangal,Information Technology,2024,1,OPEN,JEE_MAIN,Warangal,96.5,,
National Institute of Technology Warangal,Information Technology,2025,1,OPEN,JEE_MAIN,Warangal,96.8,,
National Institute of Technology Warangal,Mechanical Engineering,2024,1,OPEN,JEE_MAIN,Warangal,93.5,,
National Institute of Technology Warangal,Mechanical Engineering,2025,1,OPEN,JEE_MAIN,Warangal,94,,
College of Engineering Pune,Computer Engineering,2024,1,OPEN,MHT_CET,Pune,94.5,,
College of Engineering Pune,Computer Engineering,2025,1,OPEN,MHT_CET,Pune,95,,
College of Engineering Pune,Information Technology,2024,1,OPEN,MHT_CET,Pune,93.5,,
College of Engineering Pune,Information Technology,2025,1,OPEN,MHT_CET,Pune,94,,
College of Engineering Pune,Mechanical Engineering,2024,1,OPEN,MHT_CET,Pune,91,,
College of Engineering Pune,Mechanical Engineering,2025,1,OPEN,MHT_CET,Pune,91.5,,
College of Engineering Pune,Civil Engineering,2024,1,OPEN,MHT_CET,Pune,88,,
College of Engineering Pune,Civil Engineering,2025,1,OPEN,MHT_CET,Pune,88.5,,
College of Engineering Pune,Electrical Engineering,2024,1,OPEN,MHT_CET,Pune,90.5,,
College of Engineering Pune,Electrical Engineering,2025,1,OPEN,MHT_CET,Pune,91,,
Veermata Jijabai Technological Institute,Computer Engineering,2024,1,OPEN,MHT_CET,Mumbai,93,,
Veermata Jijabai Technological Institute,Computer Engineering,2025,1,OPEN,MHT_CET,Mumbai,93.5,,
Veermata Jijabai Technological Institute,Information Technology,2024,1,OPEN,MHT_CET,Mumbai,92,,
Veermata Jijabai Technological Institute,Information Technology,2025,1,OPEN,MHT_CET,Mumbai,92.5,,
Veermata Jijabai Technological Institute,Mechanical Engineering,2024,1,OPEN,MHT_CET,Mumbai,88.5,,
Veermata Jijabai Technological Institute,Mechanical Engineering,2025,1,OPEN,MHT_CET,Mumbai,89,,
Veermata Jijabai Technological Institute,Electrical Engineering,2024,1,OPEN,MHT_CET,Mumbai,90,,
Veermata Jijabai Technological Institute,Electrical Engineering,2025,1,OPEN,MHT_CET,Mumbai,90.5,,
Maharashtra Institute of Technology Pune,Computer Engineering,2024,1,OPEN,MHT_CET,Pune,87,,
Maharashtra Institute of Technology Pune,Computer Engineering,2025,1,OPEN,MHT_CET,Pune,88,,
Maharashtra Institute of Technology Pune,Information Technology,2024,1,OPEN,MHT_CET,Pune,85.5,,
Maharashtra Institute of Technology Pune,Information Technology,2025,1,OPEN,MHT_CET,Pune,86.5,,
Maharashtra Institute of Technology Pune,Mechanical Engineering,2024,1,OPEN,MHT_CET,Pune,80,,
Maharashtra Institute of Technology Pune,Mechanical Engineering,2025,1,OPEN,MHT_CET,Pune,81,,
Sardar Patel College of Engineering,Computer Engineering,2024,1,OPEN,MHT_CET,Mumbai,82,,
Sardar Patel College of Engineering,Computer Engineering,2025,1,OPEN,MHT_CET,Mumbai,83,,
Sardar Patel College of Engineering,Information Technology,2024,1,OPEN,MHT_CET,Mumbai,80.5,,
Sardar Patel College of Engineering,Information Technology,2025,1,OPEN,MHT_CET,Mumbai,81.5,,
Sardar Patel College of Engineering,Mechanical Engineering,2024,1,OPEN,MHT_CET,Mumbai,75,,
Sardar Patel College of Engineering,Mechanical Engineering,2025,1,OPEN,MHT_CET,Mumbai,76,,
Dwarkadas J. Sanghvi College of Engineering,Computer Engineering,2024,1,OPEN,MHT_CET,Mumbai,80,,
Dwarkadas J. Sanghvi College of Engineering,Computer Engineering,2025,1,OPEN,MHT_CET,Mumbai,81.5,,
Dwarkadas J. Sanghvi College of Engineering,Information Technology,2024,1,OPEN,MHT_CET,Mumbai,78.5,,
Dwarkadas J. Sanghvi College of Engineering,Information Technology,2025,1,OPEN,MHT_CET,Mumbai,79.5,,
Dwarkadas J. Sanghvi College of Engineering,Mechanical Engineering,2024,1,OPEN,MHT_CET,Mumbai,72,,
Dwarkadas J. Sanghvi College of Engineering,Mechanical Engineering,2025,1,OPEN,MHT_CET,Mumbai,73,,
Indian Institute of Technology Bombay,Computer Engineering,2024,1,OBC,JEE_ADVANCED,Mumbai,98.5,,
Indian Institute of Technology Bombay,Computer Engineering,2025,1,OBC,JEE_ADVANCED,Mumbai,98.7,,
Indian Institute of Technology Delhi,Computer Engineering,2024,1,OBC,JEE_ADVANCED,New Delhi,98.2,,
Indian Institute of Technology Delhi,Computer Engineering,2025,1,OBC,JEE_ADVANCED,New Delhi,98.5,,
National Institute of Technology Trichy,Computer Engineering,2024,1,OBC,JEE_MAIN,Tiruchirappalli,95,,
National Institute of Technology Trichy,Computer Engineering,2025,1,OBC,JEE_MAIN,Tiruchirappalli,95.5,,
College of Engineering Pune,Computer Engineering,2024,1,OBC,MHT_CET,Pune,91,,
College of Engineering Pune,Computer Engineering,2025,1,OBC,MHT_CET,Pune,91.5,,
College of Engineering Pune,Information Technology,2024,1,OBC,MHT_CET,Pune,89.5,,
College of Engineering Pune,Information Technology,2025,1,OBC,MHT_CET,Pune,90,,
All India Institute of Medical Sciences Delhi,MBBS,2024,1,OPEN,NEET_UG,New Delhi,85,,700
All India Institute of Medical Sciences Delhi,MBBS,2025,1,OPEN,NEET_UG,New Delhi,68,,710
All India Institute of Medical Sciences Delhi,BDS,2024,1,OPEN,NEET_UG,New Delhi,62,,580
All India Institute of Medical Sciences Delhi,BDS,2025,1,OPEN,NEET_UG,New Delhi,58,,590
All India Institute of Medical Sciences Delhi,MD General Medicine,2024,1,OPEN,NEET_PG,New Delhi,96,,650
All India Institute of Medical Sciences Delhi,MD General Medicine,2025,1,OPEN,NEET_PG,New Delhi,76,,660
All India Institute of Medical Sciences Mumbai,MBBS,2024,1,OPEN,NEET_UG,Mumbai,78,,680
All India Institute of Medical Sciences Mumbai,MBBS,2025,1,OPEN,NEET_UG,Mumbai,85,,690
All India Institute of Medical Sciences Mumbai,BDS,2024,1,OPEN,NEET_UG,Mumbai,78,,550
All India Institute of Medical Sciences Mumbai,BDS,2025,1,OPEN,NEET_UG,Mumbai,79,,560
All India Institute of Medical Sciences Mumbai,MD General Medicine,2024,1,OPEN,NEET_PG,Mumbai,78,,630
All India Institute of Medical Sciences Mumbai,MD General Medicine,2025,1,OPEN,NEET_PG,Mumbai,98,,640
Seth G.S. Medical College and K.E.M. Hospital,MBBS,2024,1,OPEN,NEET_UG,Mumbai,79,,620
Seth G.S. Medical College and K.E.M. Hospital,MBBS,2025,1,OPEN,NEET_UG,Mumbai,78,,630
Seth G.S. Medical College and K.E.M. Hospital,BDS,2024,1,OPEN,NEET_UG,Mumbai,97,,480
Seth G.S. Medical College and K.E.M. Hospital,BDS,2025,1,OPEN,NEET_UG,Mumbai,79,,490
All India Institute of Medical Sciences Delhi,MBBS,2024,1,OBC,NEET_UG,New Delhi,79,,640
All India Institute of Medical Sciences Delhi,MBBS,2025,1,OBC,NEET_UG,New Delhi,89,,650
